Count,Minimum,Maximum,Mean,Standard_Deviation
10000,0,1,0.505090000000001,0.289912912526646
