Count,Minimum,Maximum,Mean,Standard_Deviation
10000,0,1,0.518679999999999,0.288815510386659
