Count,Minimum,Maximum,Mean,Standard_Deviation
10000,0,1,0.496180000000001,0.292407178085251
