Count,Minimum,Maximum,Mean,Standard_Deviation
10000,0,1,0.517114999999999,0.289780475614565
